	Keywords	Search Volume	Trend		Top of Page Bid (Low Range) (USD)	Top of Page Bid (High Range) (USD)	Competition
ðŸš€ Keyword Tool Pro
Do you need this information?

Keyword Tool Pro provides search volume data for English keywords.

	
pdf unlocker
-	-	
	
systools pdf unlocker
-	-	
	
adobe pdf unlocker
-	-	
	
systools pdf unlocker crack
-	-	
	
best pdf unlocker
 -25%		$0.03	$1.66	
	
pdfgear online pdf unlocker
-	-	
	
pdf unlocker free
-	-	
	
systools pdf unlocker activation key
-	-	
	
pdf unlocker tool
-	-	
	
pdf unlocker free online
-	-	
	
online pdf unlocker tools
-	-	
	
pdf unlocker app
-	-	
	
pdf unlocker adobe
-	-	
	
pdf unlocker and merger
-	-	
	
pdf unlocker ai
-	-	
	
pdf unlock aadhaar
-	-	
	
pdf unlock and merge
-	-	
	
pdf unlock and compress
-	-	
	
pdf unlock and edit
-	-	
	
pdf unlock and download
-	-	
	
pdf unlock and jpg convert
-	-	
	
aryson pdf unlocker
-	-	
	
ai pdf unlocker
-	-	
	
acrobat pdf unlocker
-	-	
	
aadhaar pdf unlocker
-	-	
	
aryson pdf unlocker tool
-	-	
	
adobe pdf unlocker free download
-	-	
	
any pdf unlocker
-	-	
	
appnimi pdf unlocker
-	-	
	
pdf unlock bulk
-	-	
	
pdf unlocker by systools
-	-	
	
pdf unlocker wondershare
-	-	
	
pdf unlocker bot telegram
-	-	
	
pdf unlock book
-	-	
	
unlock pdf bluebeam
-	-	
	
unlock pdf bank statement
-	-	
	
unlock pdf by link
-	-	
	
unlock pdf by password
-	-	
	
unlock pdf batch online
-	-	
	
best free pdf unlocker
-	-	
	
best pdf unlocker tool
-	-	
	
best pdf unlocker online
-	-	
	
batch pdf unlocker
-	-	
	
bank statement pdf unlocker
-	-	
	
bitrecover pdf unlocker
-	-	
	
best pdf unlocker reddit
-	-	
	
pdf unlocker crack free download
-	-	
	
pdf unlocker crack
-	-	
	
pdf unlocker chrome extension
-	-	
	
pdf unlocker com
-	-	
	
pdf copy unlock
-	-	
	
pdf copy paste unlock
-	-	
	
pdf unlock converter
-	-	
	
pdf unlock comments
-	-	
	
pdf unlock copy protection
-	-	
	
pdf unlock copy text
-	-	
	
course hero pdf unlocker
-	-	
	
cubexsoft pdf unlocker
-	-	
	
cloudxtra pdf unlocker online
-	-	
	
cigati pdf unlocker
-	-	
	
cubexsoft pdf unlocker tool
-	-	
	
canva pdf unlocker
-	-	
	
pdf unlocker download
-	-	
	
pdf unlocker download full version free
-	-	
	
pdf unlocker download free
-	-	
	
pdf unlocker doi
-	-	
	
pdf unlock document
-	-	
	
pdf unlock document after signing
-	-	
	
pdf unlocking data with generative ai and rag
-	-	
	
unlock pdf document free
-	-	
	
unlock pdf document without password
-	-	
	
unlock pdf document online
-	-	
	
download pdf unlocker
-	-	
	
download pdf unlocker full version
-	-	
	
download systools pdf unlocker
-	-	
	
drive pdf unlocker
-	-	
	
descargar pdf unlocker
-	-	
	
pdf unlocker tool free download
-	-	
	
pdf document unlocker
-	-	
	
pdf unlocker free download for windows 10
-	-	
	
systools pdf unlocker free download
-	-	
	
pdf unlocker extension
-	-	
	
pdf unlocker exe
-	-	
	
pdf unlocker edit
-	-	
	
pdf unlocker expert
-	-	
	
pdf unlock edit online
-	-	
	
pdf encryption unlock
-	-	
	
pdf expired unlock
-	-	
	
unlock pdf encrypted file
-	-	
	
unlock pdf excel
-	-	
	
unlock pdf english
-	-	
	
elgindy pdf unlocker
-	-	
	
encrypted pdf unlock
-	-	
	
elcomsoft pdf unlocker
-	-	
	
pdf edit unlocker
-	-	
	
portable pdf unlocker exe
-	-	
	
pdf unlocker en ligne
-	-	
	
pdf unlocker forgot password
-	-	
	
pdf unlocker free without password
-	-	
	
pdf unlocker free download