"Page URL with Http 400-499 errors ","Page depth"
"https://30tools.com/video-editor","3"
"https://30tools.com/keyword-density","3"
"https://30tools.com/audio-compressor","3"
"https://30tools.com/image-editor","3"
"https://30tools.com/icon-generator","3"
"https://30tools.com/xml-formatter","3"
"https://30tools.com/voice-recorder","3"
"https://30tools.com/pdf-rotate","3"
"https://30tools.com/xml-sitemap-extractor","3"
"https://30tools.com/text-formatter","3"
"https://30tools.com/api-tester","3"
"https://30tools.com/google-keyword-research","3"
"https://30tools.com/video-trimmer","3"
"https://30tools.com/image-cropper","3"
"https://30tools.com/bulk-google-index-checker","3"
"https://30tools.com/social-media-resizer","3"
"https://30tools.com/url-encoder","3"
"https://30tools.com/meta-tags-generator","3"
"https://30tools.com/twitter-downloader","3"
"https://30tools.com/qr-code-generator","3"
"https://30tools.com/audio-editor","3"
"https://30tools.com/video-to-gif","3"
"https://30tools.com/video-player","3"
"https://30tools.com/facebook-downloader","3"
"https://30tools.com/hash-generator","3"
"https://30tools.com/base64-image","3"
"https://30tools.com/video-compressor","3"
"https://30tools.com/video-converter","3"
"https://30tools.com/audio-trimmer","3"
"https://30tools.com/ssl-checker","3"
"https://30tools.com/word-counter","3"
"https://30tools.com/html-to-pdf","3"
"https://30tools.com/screen-recorder","3"
"https://30tools.com/title-rewrite-checker","3"
"https://30tools.com/audio-converter","3"
"https://30tools.com/binary-converter","3"
"https://30tools.com/text-diff","3"
"https://30tools.com/help","2"
"https://30tools.com/compress-images-online","2"
"https://30tools.com/api-docs","2"
"https://30tools.com/free-image-compressor","2"
