"Page URL with H1 tag missing ","Page depth"
"https://30tools.com/other-tools","2"
"https://30tools.com/api-key-tester/deepseek","2"
"https://30tools.com/api-key-tester/zendesk","2"
"https://30tools.com/api-key-tester/hubspot","2"
"https://30tools.com/api-key-tester/demandbase","2"
"https://30tools.com/api-key-tester/brevo","2"
"https://30tools.com/api-key-tester/clearbit","2"
"https://30tools.com/api-key-tester/datanyze","2"
"https://30tools.com/api-key-tester/sparkpost","2"
"https://30tools.com/api-key-tester/anthropic","2"
"https://30tools.com/api-key-tester/zoominfo","2"
"https://30tools.com/api-key-tester/intercom","2"
"https://30tools.com/api-key-tester/openai","2"
"https://30tools.com/seotoolkit","2"
"https://30tools.com/api-key-tester/resend","2"
"https://30tools.com/api-key-tester/google-gemini","2"
"https://30tools.com/api-key-tester/mattermark","2"
"https://30tools.com/text-to-speech","2"
"https://30tools.com/api-key-tester/pipl","2"
"https://30tools.com/api-key-tester/enrich","2"
"https://30tools.com/api-key-tester/stripe","2"
"https://30tools.com/api-key-tester/amazon-ses","2"
"https://30tools.com/api-key-tester/pipedrive","2"
"https://30tools.com/api-key-tester/people-data-labs","2"
"https://30tools.com/api-key-tester/data-axle","2"
"https://30tools.com/api-key-tester/twilio","2"
"https://30tools.com/api-key-tester/lusha","2"
"https://30tools.com/api-key-tester/leadgenius","2"
"https://30tools.com/api-key-tester/freshdesk","2"
"https://30tools.com/api-key-tester/fullcontact","2"
"https://30tools.com/api-key-tester/leadspace","2"
"https://30tools.com/api-key-tester/cohere","2"
"https://30tools.com/api-key-tester/snov-io","2"
"https://30tools.com/api-key-tester/postmark","2"
"https://30tools.com/api-key-tester/coresignal","2"
"https://30tools.com/api-key-tester/attio","2"
"https://30tools.com/api-key-tester/melissa","2"
"https://30tools.com/visual-sitemap","2"
"https://30tools.com/api-key-tester/groq","2"
"https://30tools.com/api-key-tester/hg-insights","2"
"https://30tools.com/api-key-tester/sendgrid","2"
"https://30tools.com/api-key-tester/mailgun","2"
"https://30tools.com/api-key-tester/loops","2"
"https://30tools.com/api-key-tester/crunchbase","2"
